Concurso,Fecha,Local,Visitante,Resultado,Match text
2275,4/4/2025 21:00,Tijuana,Necaxa,V,"Fecha: 4/4 21:00, Partido: Tijuana vs Necaxa"
2275,4/5/2025 8:00,Crystal Palace,Brighton,L,"Fecha: 4/5 8:00, Partido: Crystal Palace vs Brighton"
2275,4/5/2025 8:30,AZ Alkmaar,Feyenoord,V,"Fecha: 4/5 8:30, Partido: AZ Alkmaar vs Feyenoord"
2275,4/5/2025 8:30,Lokomotiv,Zenit,E,"Fecha: 4/5 8:30, Partido: Lokomotiv vs Zenit"
2275,4/5/2025 17:00,Pachuca,América,L,"Fecha: 4/5 17:00, Partido: Pachuca vs América"
2275,4/5/2025 19:05,Monterrey,Guadalajara,L,"Fecha: 4/5 19:05, Partido: Monterrey vs Guadalajara"
2275,4/5/2025 21:10,Cruz Azul,Pumas,L,"Fecha: 4/5 21:10, Partido: Cruz Azul vs Pumas"
2275,4/6/2025 7:00,Empoli,Cagliari,E,"Fecha: 4/6 7:00, Partido: Empoli vs Cagliari"
2275,4/6/2025 9:30,Man Utd,Man City,E,"Fecha: 4/6 9:30, Partido: Man Utd vs Man City"
2275,4/6/2025 9:30,Union Berlin,Wolfsburgo,L,"Fecha: 4/6 9:30, Partido: Union Berlin vs Wolfsburgo"
2275,4/6/2025 12:45,Roma,Juventus,E,"Fecha: 4/6 12:45, Partido: Roma vs Juventus"
2275,4/6/2025 13:00,Villarreal,Athletic,E,"Fecha: 4/6 13:00, Partido: Villarreal vs Athletic"
2275,4/6/2025 13:30,Porto,Benfica,V,"Fecha: 4/6 13:30, Partido: Porto vs Benfica"
2275,4/7/2025 9:00,Atromitos,Asteras,V,"Fecha: 4/7 9:00, Partido: Atromitos vs Asteras"
2276,4/11/2025 21:05,Mazatlan,Guadalajara,V,"Fecha: 4/11 21:05, Partido: Mazatlan vs Guadalajara"
2276,4/12/2025 7:30,H. Kiel,St Pauli,L,"Fecha: 4/12 7:30, Partido: H. Kiel vs St Pauli"
2276,4/12/2025 13:05,Estrasburgo,Niza,V,"Fecha: 4/12 13:05, Partido: Estrasburgo vs Niza"
2276,4/12/2025 19:00,Tigres,Monterrey,E,"Fecha: 4/12 19:00, Partido: Tigres vs Monterrey"
2276,4/12/2025 19:06,Celaya,U de G,L,"Fecha: 4/12 19:06, Partido: Celaya vs U de G"
2276,4/12/2025 21:15,America,Cruz Azul,L,"Fecha: 4/12 21:15, Partido: America vs Cruz Azul"
2276,4/13/2025 7:00,Verona,Genoa,L,"Fecha: 4/13 7:00, Partido: Verona vs Genoa"
2276,4/13/2025 12:30,Gimnasia,Estudiantes,E,"Fecha: 4/13 12:30, Partido: Gimnasia vs Estudiantes"
2276,4/13/2025 12:45,Lazio,Roma,E,"Fecha: 4/13 12:45, Partido: Lazio vs Roma"
2276,4/13/2025 14:30,Chicago,Miami,L,"Fecha: 4/13 14:30, Partido: Chicago vs Miami"
2276,4/13/2025 14:30,Gremio,Flamengo,E,"Fecha: 4/13 14:30, Partido: Gremio vs Flamengo"
2276,4/13/2025 17:00,Santos,Queretaro,E,"Fecha: 4/13 17:00, Partido: Santos vs Queretaro"
2276,4/13/2025 17:00,Millonarios,A Nacional,V,"Fecha: 4/13 17:00, Partido: Millonarios vs A Nacional"
2276,4/13/2025 19:00,Pachuca Fem,GDL Fem,V,"Fecha: 4/13 19:00, Partido: Pachuca Fem vs GDL Fem"
2277,4/19/2025 7:00,Lecce,Como,V,"Fecha: 4/19 7:00, Partido: Lecce vs Como"
2277,4/19/2025 8:00,Brentford,Brighton,L,"Fecha: 4/19 8:00, Partido: Brentford vs Brighton"
2277,4/19/2025 10:30,Aston Villa,Newcastle,L,"Fecha: 4/19 10:30, Partido: Aston Villa vs Newcastle"
2277,4/19/2025 10:30,Union Berlin,Stuttgart,E,"Fecha: 4/19 10:30, Partido: Union Berlin vs Stuttgart"
2277,4/19/2025 14:30,Columbus,Miami,V,"Fecha: 4/19 14:30, Partido: Columbus vs Miami"
2277,4/19/2025 18:00,Gremio,Inter PA,E,"Fecha: 4/19 18:00, Partido: Gremio vs Inter PA"
2277,4/19/2025 19:05,Toluca,Cruz Azul,E,"Fecha: 4/19 19:05, Partido: Toluca vs Cruz Azul"
2277,4/19/2025 21:15,Atlas,Guadalajara,E,"Fecha: 4/19 21:15, Partido: Atlas vs Guadalajara"
2277,4/20/2025 7:00,Fulham,Chelsea,V,"Fecha: 4/20 7:00, Partido: Fulham vs Chelsea"
2277,4/20/2025 9:15,Brestois,Lens,V,"Fecha: 4/20 9:15, Partido: Brestois vs Lens"
2277,4/20/2025 12:45,Milan,Atalanta,V,"Fecha: 4/20 12:45, Partido: Milan vs Atalanta"
2277,4/20/2025 13:00,O. Higgins,Palestino,L,"Fecha: 4/20 13:00, Partido: O. Higgins vs Palestino"
2277,4/20/2025 15:00,Sarmiento,Platense,V,"Fecha: 4/20 15:00, Partido: Sarmiento vs Platense"
2277,4/20/2025 19:00,San Luis,Pachuca,V,"Fecha: 4/20 19:00, Partido: San Luis vs Pachuca"
2278,4/27/2025 19:30,Monterrey,Pachuca,V,"Fecha: 4/27 19:30, Partido: Monterrey vs Pachuca"
2278,4/27/2025 17:00,Juarez,Pumas,E,"Fecha: 4/27 17:00, Partido: Juarez vs Pumas"
2278,4/26/2025 14:00,Barcelona,Real Madrid,E,"Fecha: 4/26 14:00, Partido: Barcelona vs Real Madrid"
2278,4/27/2025 7:00,Bournemouth,Man Utd,E,"Fecha: 4/27 7:00, Partido: Bournemouth vs Man Utd"
2278,4/26/2025 7:30,Wolfsburgo,Friburgo,V,"Fecha: 4/26 7:30, Partido: Wolfsburgo vs Friburgo"
2278,4/27/2025 9:15,Nantes,Toulouse,E,"Fecha: 4/27 9:15, Partido: Nantes vs Toulouse"
2278,4/26/2025 12:30,Toronto,NY City,V,"Fecha: 4/26 12:30, Partido: Toronto vs NY City"
2278,4/26/2025 8:00,Leuven,St Lieja,E,"Fecha: 4/26 8:00, Partido: Leuven vs St Lieja"
2278,4/26/2025 10:30,Spartak,CSKA,V,"Fecha: 4/26 10:30, Partido: Spartak vs CSKA"
2278,4/27/2025 11:00,AEK,Olympiacos,V,"Fecha: 4/27 11:00, Partido: AEK vs Olympiacos"
2278,4/27/2025 11:00,PAOK,Panathinaikos,L,"Fecha: 4/27 11:00, Partido: PAOK vs Panathinaikos"
2278,4/27/2025 12:30,River Plate,Boca,L,"Fecha: 4/27 12:30, Partido: River Plate vs Boca"
2278,4/26/2025 12:00,Aldosivi,Banfield,L,"Fecha: 4/26 12:00, Partido: Aldosivi vs Banfield"
2278,4/27/2025 9:00,Shakhtar,Dinamo,E,"Fecha: 4/27 9:00, Partido: Shakhtar vs Dinamo"
2279,5/3/2025 7:00,Cagliari,Udinese,V,"Fecha: 5/3 7:00, Partido: Cagliari vs Udinese"
2279,5/3/2025 7:00,Parma,Como,V,"Fecha: 5/3 7:00, Partido: Parma vs Como"
2279,5/3/2025 7:30,Union Berlin,W Bremen,E,"Fecha: 5/3 7:30, Partido: Union Berlin vs W Bremen"
2279,5/3/2025 10:30,Las Palmas,Valencia,V,"Fecha: 5/3 10:30, Partido: Las Palmas vs Valencia"
2279,5/3/2025 20:30,San José,Portland,L,"Fecha: 5/3 20:30, Partido: San José vs Portland"
2279,5/4/2025 6:30,G.A. Eagles,AZ Alkmaar,V,"Fecha: 5/4 6:30, Partido: G.A. Eagles vs AZ Alkmaar"
2279,5/4/2025 9:30,Chelsea,Liverpool,L,"Fecha: 5/4 9:30, Partido: Chelsea vs Liverpool"
2279,5/4/2025 11:00,Arouca,Casa Pia,E,"Fecha: 5/4 11:00, Partido: Arouca vs Casa Pia"
2279,5/4/2025 11:30,Mainz,Frankfurt,E,"Fecha: 5/4 11:30, Partido: Mainz vs Frankfurt"
2279,5/4/2025 12:45,Bologna,Juventus,E,"Fecha: 5/4 12:45, Partido: Bologna vs Juventus"
2279,5/4/2025 12:45,Lille,Marsella,E,"Fecha: 5/4 12:45, Partido: Lille vs Marsella"
2279,5/4/2025 13:00,R. Sociedad,Ath Bilbao,E,"Fecha: 5/4 13:00, Partido: R. Sociedad vs Ath Bilbao"
2279,5/4/2025 19:30,Monterrey,Pumas,L,"Fecha: 5/4 19:30, Partido: Monterrey vs Pumas"
2279,5/4/2025 19:30,Águilas,Pereira,E,"Fecha: 5/4 19:30, Partido: Águilas vs Pereira"
2280,5/10/2025 7:30,W. Bremen,Leipzig,E,"Fecha: 5/10 7:30, Partido: W. Bremen vs Leipzig"
2280,5/10/2025 8:00,Wolverhamp,Brighton,V,"Fecha: 5/10 8:00, Partido: Wolverhamp vs Brighton"
2280,5/10/2025 10:00,Lazio,Juventus,E,"Fecha: 5/10 10:00, Partido: Lazio vs Juventus"
2280,5/10/2025 11:00,Benfica,Sp Lisboa,E,"Fecha: 5/10 11:00, Partido: Benfica vs Sp Lisboa"
2280,5/10/2025 12:45,Empoli,Parma,L,"Fecha: 5/10 12:45, Partido: Empoli vs Parma"
2280,5/10/2025 14:30,Minnesota,Miami,L,"Fecha: 5/10 14:30, Partido: Minnesota vs Miami"
2280,5/10/2025 15:30,Vitoria BA,Vasco da GA,L,"Fecha: 5/10 15:30, Partido: Vitoria BA vs Vasco da GA"
2280,5/10/2025 18:30,Houston,Seattle,V,"Fecha: 5/10 18:30, Partido: Houston vs Seattle"
2280,5/10/2025 21:10,Águilas,Pachuca,L,"Fecha: 5/10 21:10, Partido: Águilas vs Pachuca"
2280,5/11/2025 5:00,Newcastle,Chelsea,L,"Fecha: 5/11 5:00, Partido: Newcastle vs Chelsea"
2280,5/11/2025 6:30,Feyenoord,PSV,V,"Fecha: 5/11 6:30, Partido: Feyenoord vs PSV"
2280,5/11/2025 8:15,Barcelona,Real Madrid,L,"Fecha: 5/11 8:15, Partido: Barcelona vs Real Madrid"
2280,5/11/2025 10:30,Din. Moscu,Spartak,L,"Fecha: 5/11 10:30, Partido: Din. Moscu vs Spartak"
2280,5/11/2025 19:00,C. Azul,León,L,"Fecha: 5/11 19:00, Partido: C. Azul vs León"
2281,5/17/2025 7:30,SC Freiburg,Frankfurt,V,"Fecha: 5/17 7:30, Partido: SC Freiburg vs Frankfurt"
2281,5/17/2025 11:00,AVS,Moreirense,V,"Fecha: 5/17 11:00, Partido: AVS vs Moreirense"
2281,5/17/2025 12:30,Montreal,Toronto,V,"Fecha: 5/17 12:30, Partido: Montreal vs Toronto"
2281,5/17/2025 12:30,Dundee Utd,Aberdeen,L,"Fecha: 5/17 12:30, Partido: Dundee Utd vs Aberdeen"
2281,5/17/2025 19:00,Toluca,Tigres,L,"Fecha: 5/17 19:00, Partido: Toluca vs Tigres"
2281,5/17/2025 19:00,Tampico,Leones N,L,"Fecha: 5/17 19:00, Partido: Tampico vs Leones N"
2281,5/17/2025 19:30,Portland,Seattle,E,"Fecha: 5/17 19:30, Partido: Portland vs Seattle"
2281,5/18/2025 6:30,PEC Zwolle,Groningen,L,"Fecha: 5/18 6:30, Partido: PEC Zwolle vs Groningen"
2281,5/18/2025 8:00,Brentford,Fulham,V,"Fecha: 5/18 8:00, Partido: Brentford vs Fulham"
2281,5/18/2025 12:45,Fiorentina,Bologna,L,"Fecha: 5/18 12:45, Partido: Fiorentina vs Bologna"
2281,5/18/2025 12:45,Roma,AC Milan,L,"Fecha: 5/18 12:45, Partido: Roma vs AC Milan"
2281,5/18/2025 13:00,Juventude,Fluminense,E,"Fecha: 5/18 13:00, Partido: Juventude vs Fluminense"
2281,5/18/2025 15:30,Bragantino,Palmeiras,V,"Fecha: 5/18 15:30, Partido: Bragantino vs Palmeiras"
2281,5/18/2025 19:15,América,Cruz Azul,L,"Fecha: 5/18 19:15, Partido: América vs Cruz Azul"
2282,5/24/2025 13:00,Alavés,Osasuna,E,"Fecha: 5/24 13:00, Partido: Alavés vs Osasuna"
2282,5/24/2025 17:30,Charlotte,Columbus,L,"Fecha: 5/24 17:30, Partido: Charlotte vs Columbus"
2282,5/24/2025 17:30,DC United,NY Red Bulls,V,"Fecha: 5/24 17:30, Partido: DC United vs NY Red Bulls"
2282,5/24/2025 17:30,Philadelphia,Inter Miami,E,"Fecha: 5/24 17:30, Partido: Philadelphia vs Inter Miami"
2282,5/24/2025 23:00,Shimizu,Vissel Kobe,L,"Fecha: 5/24 23:00, Partido: Shimizu vs Vissel Kobe"
2282,5/25/2025 0:00,FC Tokyo,Hiroshima,V,"Fecha: 5/25 0:00, Partido: FC Tokyo vs Hiroshima"
2282,5/25/2025 9:00,Nottingham Forest,Chelsea,V,"Fecha: 5/25 9:00, Partido: Nottingham Forest vs Chelsea"
2282,5/25/2025 9:00,Wolves,Brentford,E,"Fecha: 5/25 9:00, Partido: Wolves vs Brentford"
2282,5/25/2025 10:15,Benfica,Sporting,E,"Fecha: 5/25 10:15, Partido: Benfica vs Sporting"
2282,5/25/2025 12:45,Empoli,Verona,V,"Fecha: 5/25 12:45, Partido: Empoli vs Verona"
2282,5/25/2025 13:00,Athletic,Barcelona,V,"Fecha: 5/25 13:00, Partido: Athletic vs Barcelona"
2282,5/25/2025 13:00,Palmeiras,Flamengo,V,"Fecha: 5/25 13:00, Partido: Palmeiras vs Flamengo"
2282,5/25/2025 17:30,Fortaleza,Cruzeiro,V,"Fecha: 5/25 17:30, Partido: Fortaleza vs Cruzeiro"
2282,5/25/2025 19:00,Toluca,América,L,"Fecha: 5/25 19:00, Partido: Toluca vs América"
2283,5/31/2025 13:00,PSG,Inter Milan,L,"Fecha: 5/31 13:00, Partido: PSG vs Inter Milan"
2283,6/1/2025 19:00,Cruz Azul,Vancouver,L,"Fecha: 6/1 19:00, Partido: Cruz Azul vs Vancouver"
2283,5/31/2025 20:30,LAFC,América,E,"Fecha: 5/31 20:30, Partido: LAFC vs América"
2283,6/1/2025 9:00,Rostov,CSKA,E,"Fecha: 6/1 9:00, Partido: Rostov vs CSKA"
2283,5/31/2025 15:30,Bahia,São Paulo,L,"Fecha: 5/31 15:30, Partido: Bahia vs São Paulo"
2283,5/31/2025 18:00,Vasco,Bragantino,V,"Fecha: 5/31 18:00, Partido: Vasco vs Bragantino"
2283,6/1/2025 13:00,Santos,Botafogo,V,"Fecha: 6/1 13:00, Partido: Santos vs Botafogo"
2283,6/1/2025 13:00,Juventude,Grêmio,V,"Fecha: 6/1 13:00, Partido: Juventude vs Grêmio"
2283,6/1/2025 15:30,Ceará,Atlético MG,V,"Fecha: 6/1 15:30, Partido: Ceará vs Atlético MG"
2283,6/1/2025 16:30,Cruzeiro,Palmeiras,L,"Fecha: 6/1 16:30, Partido: Cruzeiro vs Palmeiras"
2283,5/31/2025 12:30,St. Louis,San Jose,L,"Fecha: 5/31 12:30, Partido: St. Louis vs San Jose"
2283,5/31/2025 18:30,Dallas,Philadelphia,E,"Fecha: 5/31 18:30, Partido: Dallas vs Philadelphia"
2283,5/31/2025 10:30,La Serena,Coquimbo,V,"Fecha: 5/31 10:30, Partido: La Serena vs Coquimbo"
2283,6/1/2025 13:00,Palestino,U Católica,E,"Fecha: 6/1 13:00, Partido: Palestino vs U Católica"
2284,6/7/2025 0:00,Japón Sub,México Sub,E,"Fecha: 6/7 0:00, Partido: Japón Sub vs México Sub"
2284,6/7/2025 10:00,Malta,Lituania,E,"Fecha: 6/7 10:00, Partido: Malta vs Lituania"
2284,6/7/2025 13:00,Almería,Oviedo,V,"Fecha: 6/7 13:00, Partido: Almería vs Oviedo"
2284,6/7/2025 13:30,Canadá,Ucrania,L,"Fecha: 6/7 13:30, Partido: Canadá vs Ucrania"
2284,6/7/2025 13:30,USA,Turquía,V,"Fecha: 6/7 13:30, Partido: USA vs Turquía"
2284,6/7/2025 14:00,México,Suiza,V,"Fecha: 6/7 14:00, Partido: México vs Suiza"
2284,6/7/2025 17:15,Tolima,América de Cali,E,"Fecha: 6/7 17:15, Partido: Tolima vs América de Cali"
2284,6/7/2025 17:30,DC United,Chicago Fire,V,"Fecha: 6/7 17:30, Partido: DC United vs Chicago Fire"
2284,6/8/2025 3:00,Yokohama FC,Cerezo Osaka,L,"Fecha: 6/8 3:00, Partido: Yokohama FC vs Cerezo Osaka"
2284,6/8/2025 7:00,Alemania,Francia,V,"Fecha: 6/8 7:00, Partido: Alemania vs Francia"
2284,6/8/2025 10:30,Racing Santander,Mirandés,E,"Fecha: 6/8 10:30, Partido: Racing Santander vs Mirandés"
2284,6/8/2025 13:00,Portugal,España,E,"Fecha: 6/8 13:00, Partido: Portugal vs España"
2284,6/8/2025 19:20,Once Caldas,Millonarios,E,"Fecha: 6/8 19:20, Partido: Once Caldas vs Millonarios"
2284,6/9/2025 6:00,Arabia Saudita Sub,Mali Sub,E,"Fecha: 6/9 6:00, Partido: Arabia Saudita Sub vs Mali Sub"
2285,6/14/2025 20:00,Al Ahly,Miami,E,"Fecha: 6/14 20:00, Partido: Al Ahly vs Miami"
2285,6/15/2025 13:00,Paris SG,Atlético Madrid,L,"Fecha: 6/15 13:00, Partido: Paris SG vs Atlético Madrid"
2285,6/15/2025 16:00,Palmeiras,Porto,E,"Fecha: 6/15 16:00, Partido: Palmeiras vs Porto"
2285,6/15/2025 20:00,Botafogo,Seattle,L,"Fecha: 6/15 20:00, Partido: Botafogo vs Seattle"
2285,6/14/2025 17:30,Columbus,Vancouver,L,"Fecha: 6/14 17:30, Partido: Columbus vs Vancouver"
2285,6/14/2025 17:30,New England,Cincinnati,V,"Fecha: 6/14 17:30, Partido: New England vs Cincinnati"
2285,6/14/2025 18:30,Austin,NY Red Bulls,L,"Fecha: 6/14 18:30, Partido: Austin vs NY Red Bulls"
2285,6/14/2025 18:30,Chicago,Nashville,V,"Fecha: 6/14 18:30, Partido: Chicago vs Nashville"
2285,6/14/2025 19:30,Colorado,Orlando,V,"Fecha: 6/14 19:30, Partido: Colorado vs Orlando"
2285,6/15/2025 13:00,Coquimbo,U Chile,L,"Fecha: 6/15 13:00, Partido: Coquimbo vs U Chile"
2285,6/15/2025 18:00,Ñublense,Audax,V,"Fecha: 6/15 18:00, Partido: Ñublense vs Audax"
2285,6/14/2025 13:00,CRB,Goiás,L,"Fecha: 6/14 13:00, Partido: CRB vs Goiás"
2285,6/14/2025 4:00,FC Tokyo,Cerezo Osaka,E,"Fecha: 6/14 4:00, Partido: FC Tokyo vs Cerezo Osaka"
2285,6/15/2025 3:30,Shimizu,Gamba Osaka,E,"Fecha: 6/15 3:30, Partido: Shimizu vs Gamba Osaka"
2286,6/21/2025 4:00,Kashima Antlers,Kyoto Sanga,E,"Fecha: 6/21 4:00, Partido: Kashima Antlers vs Kyoto Sanga"
2286,6/21/2025 4:00,Kawasaki Frontale,Vissel Kobe,V,"Fecha: 6/21 4:00, Partido: Kawasaki Frontale vs Vissel Kobe"
2286,6/21/2025 13:00,Oviedo,Mirandés,L,"Fecha: 6/21 13:00, Partido: Oviedo vs Mirandés"
2286,6/21/2025 15:30,Huachipato,Palestino,E,"Fecha: 6/21 15:30, Partido: Huachipato vs Palestino"
2286,6/21/2025 15:30,Emelec,Delfín,E,"Fecha: 6/21 15:30, Partido: Emelec vs Delfín"
2286,6/21/2025 19:00,River Plate,Monterrey,E,"Fecha: 6/21 19:00, Partido: River Plate vs Monterrey"
2286,6/22/2025 11:00,Liga de Quito,Independiente del Valle,E,"Fecha: 6/22 11:00, Partido: Liga de Quito vs Independiente del Valle"
2286,6/22/2025 13:00,Audax Italiano,Colo Colo,L,"Fecha: 6/22 13:00, Partido: Audax Italiano vs Colo Colo"
2286,6/22/2025 13:00,Coritiba,Cuiaba,L,"Fecha: 6/22 13:00, Partido: Coritiba vs Cuiaba"
2286,6/22/2025 13:00,Bolívar,The Strongest,V,"Fecha: 6/22 13:00, Partido: Bolívar vs The Strongest"
2286,6/22/2025 16:00,Salzburg,Al Hilal,E,"Fecha: 6/22 16:00, Partido: Salzburg vs Al Hilal"
2286,6/22/2025 18:00,Everton,O´Higgins,V,"Fecha: 6/22 18:00, Partido: Everton vs O´Higgins"
2286,6/22/2025 20:00,Mexico,Costa Rica,E,"Fecha: 6/22 20:00, Partido: Mexico vs Costa Rica"
2286,6/23/2025 13:00,Atlético Madrid,Botafogo,L,"Fecha: 6/23 13:00, Partido: Atlético Madrid vs Botafogo"
2287,6/28/2025 4:00,Fukuoka,Vissel Kobe,E,"Fecha: 6/28 4:00, Partido: Fukuoka vs Vissel Kobe"
2287,6/28/2025 10:00,Palmeiras,Botafogo,E,"Fecha: 6/28 10:00, Partido: Palmeiras vs Botafogo"
2287,6/28/2025 17:30,NY Red Bulls,Minnesota,E,"Fecha: 6/28 17:30, Partido: NY Red Bulls vs Minnesota"
2287,6/28/2025 17:30,Orlando,Cincinnati,V,"Fecha: 6/28 17:30, Partido: Orlando vs Cincinnati"
2287,6/28/2025 18:30,Kansas City,Salt Lake,E,"Fecha: 6/28 18:30, Partido: Kansas City vs Salt Lake"
2287,6/28/2025 20:15,Mexico,Arabia Saudita,L,"Fecha: 6/28 20:15, Partido: Mexico vs Arabia Saudita"
2287,6/29/2025 14:00,Flamengo,B Munich,V,"Fecha: 6/29 14:00, Partido: Flamengo vs B Munich"
2287,6/29/2025 16:00,Columbus,Filadelfia,L,"Fecha: 6/29 16:00, Partido: Columbus vs Filadelfia"
2287,6/29/2025 16:00,Chapecoense,Goias,E,"Fecha: 6/29 16:00, Partido: Chapecoense vs Goias"
2287,6/29/2025 17:00,EUA,Costa Rica,E,"Fecha: 6/29 17:00, Partido: EUA vs Costa Rica"
2287,6/29/2025 17:00,I. Medellin,Santa Fe,V,"Fecha: 6/29 17:00, Partido: I. Medellin vs Santa Fe"
2287,6/29/2025 17:00,Macara,Emelec,E,"Fecha: 6/29 17:00, Partido: Macara vs Emelec"
2287,6/30/2025 11:00,Mjallby,Malmo,E,"Fecha: 6/30 11:00, Partido: Mjallby vs Malmo"
2287,6/30/2025 13:00,Inter Milan,Fluminense,V,"Fecha: 6/30 13:00, Partido: Inter Milan vs Fluminense"
2287,6/28/2025 3:30,Shimizu,Kashiwa,V,"Fecha: 6/28 3:30, Partido: Shimizu vs Kashiwa"
2287,6/28/2025 4:30,FC Tokyo,Yokohama FC,L,"Fecha: 6/28 4:30, Partido: FC Tokyo vs Yokohama FC"
2287,6/28/2025 13:00,Vila Nova,Atletico GO,L,"Fecha: 6/28 13:00, Partido: Vila Nova vs Atletico GO"
2287,6/28/2025 17:30,Montreal,NY City,L,"Fecha: 6/28 17:30, Partido: Montreal vs NY City"
2287,6/28/2025 17:30,New England,Colorado,E,"Fecha: 6/28 17:30, Partido: New England vs Colorado"
2287,6/28/2025 18:30,Chicago,Charlotte,L,"Fecha: 6/28 18:30, Partido: Chicago vs Charlotte"
2287,6/28/2025 18:30,Dallas,San Diego,V,"Fecha: 6/28 18:30, Partido: Dallas vs San Diego"
2288,6/7/2025 17:00,EUA,MEXICO,V,"Fecha: 6/7 17:00, Partido: EUA vs MEXICO"
2288,5/7/2025 10:00,PARÍS S.G.,B MUNICH,L,"Fecha: 5/7 10:00, Partido: PARÍS S.G. vs B MUNICH"
2288,5/7/2025 13:00,FRANCIA F.,INGLAT F,L,"Fecha: 5/7 13:00, Partido: FRANCIA F. vs INGLAT F"
2288,5/7/2025 17:00,CHARLOTTE,ORLANDO,E,"Fecha: 5/7 17:00, Partido: CHARLOTTE vs ORLANDO"
2288,5/7/2025 18:30,NASHVILLE,FILADELFIA,L,"Fecha: 5/7 18:30, Partido: NASHVILLE vs FILADELFIA"
2288,5/7/2025 20:30,SAN JOSÉ,NY RBULLS,V,"Fecha: 5/7 20:30, Partido: SAN JOSÉ vs NY RBULLS"
2288,6/7/2025 15:00,SEATTLE,COLUMBUS,E,"Fecha: 6/7 15:00, Partido: SEATTLE vs COLUMBUS"
2288,5/7/2025 3:55,OKAYAMA,HIROSHIMA,V,"Fecha: 5/7 3:55, Partido: OKAYAMA vs HIROSHIMA"
2288,5/7/2025 13:00,REMO,CUIABA,E,"Fecha: 5/7 13:00, Partido: REMO vs CUIABA"
2288,5/7/2025 14:15,CIENCIANO,SP CRISTAL,E,"Fecha: 5/7 14:15, Partido: CIENCIANO vs SP CRISTAL"
2288,6/7/2025 17:00,DELFÍN,LDU QUITO,V,"Fecha: 6/7 17:00, Partido: DELFÍN vs LDU QUITO"
2288,6/7/2025 13:00,U. CATÓLICA,COLO COLO,L,"Fecha: 6/7 13:00, Partido: U. CATÓLICA vs COLO COLO"
2288,5/7/2025 11:00,FCSB,CFR CLUJ,L,"Fecha: 5/7 11:00, Partido: FCSB vs CFR CLUJ"
2288,5/7/2025 7:00,GAIS,MALMO,E,"Fecha: 5/7 7:00, Partido: GAIS vs MALMO"
2289,7/11/2025 21:00,JUAREZ,AGUILAS,E,"Fecha: 7/11 21:00, Partido: JUAREZ vs AGUILAS"
2289,7/12/2025 9:00,KRASNODAR,CSKA MOSCU,V,"Fecha: 7/12 9:00, Partido: KRASNODAR vs CSKA MOSCU"
2289,7/12/2025 15:30,VASCO DA GAMA,BOTAFOGO,V,"Fecha: 7/12 15:30, Partido: VASCO DA GAMA vs BOTAFOGO"
2289,7/12/2025 17:30,CHARLOTTE,NY CITY,L,"Fecha: 7/12 17:30, Partido: CHARLOTTE vs NY CITY"
2289,7/12/2025 17:30,CINCINNATI,COLUMBUS,V,"Fecha: 7/12 17:30, Partido: CINCINNATI vs COLUMBUS"
2289,7/12/2025 17:30,MIAMI,NASHVILLE,L,"Fecha: 7/12 17:30, Partido: MIAMI vs NASHVILLE"
2289,7/12/2025 18:00,BAHIA,AT MINEIRO,L,"Fecha: 7/12 18:00, Partido: BAHIA vs AT MINEIRO"
2289,7/12/2025 18:30,KANSAS CITY,SEATTLE,V,"Fecha: 7/12 18:30, Partido: KANSAS CITY vs SEATTLE"
2289,7/12/2025 19:00,S. LAGUNA,PUMAS,L,"Fecha: 7/12 19:00, Partido: S. LAGUNA vs PUMAS"
2289,7/12/2025 21:00,JUAREZ F,ATLAS F,E,"Fecha: 7/12 21:00, Partido: JUAREZ F vs ATLAS F"
2289,7/13/2025 6:00,GAIS,HAMMARBY,L,"Fecha: 7/13 6:00, Partido: GAIS vs HAMMARBY"
2289,7/13/2025 11:15,SARMIENTO,INDEPENDIEN,E,"Fecha: 7/13 11:15, Partido: SARMIENTO vs INDEPENDIEN"
2289,7/13/2025 15:45,ARGS JRS,BOCA JRS,E,"Fecha: 7/13 15:45, Partido: ARGS JRS vs BOCA JRS"
2289,7/13/2025 17:30,FORTALEZA,CEARA,V,"Fecha: 7/13 17:30, Partido: FORTALEZA vs CEARA"
2290,7/18/2025 21:00,SAN LUIS,MONTERREY,V,"Fecha: 7/18 21:00, Partido: SAN LUIS vs MONTERREY"
2290,7/18/2025 21:05,MAZATLÁN,PUEBLA,L,"Fecha: 7/18 21:05, Partido: MAZATLÁN vs PUEBLA"
2290,7/19/2025 7:00,DJURGARDEN,ELFSBORG,L,"Fecha: 7/19 7:00, Partido: DJURGARDEN vs ELFSBORG"
2290,7/19/2025 14:30,VASCO DA GAMA,GREMIO,E,"Fecha: 7/19 14:30, Partido: VASCO DA GAMA vs GREMIO"
2290,7/19/2025 17:30,NY R. BULLS,MIAMI,V,"Fecha: 7/19 17:30, Partido: NY R. BULLS vs MIAMI"
2290,7/19/2025 19:00,LEÓN,GUADALAJARA,L,"Fecha: 7/19 19:00, Partido: LEÓN vs GUADALAJARA"
2290,7/19/2025 21:05,ATLAS,C AZUL,E,"Fecha: 7/19 21:05, Partido: ATLAS vs C AZUL"
2290,7/20/2025 4:00,GAMBA OSAK,KAWASAKI,L,"Fecha: 7/20 4:00, Partido: GAMBA OSAK vs KAWASAKI"
2290,7/20/2025 10:00,UNIÓN SG,BRUJAS,V,"Fecha: 7/20 10:00, Partido: UNIÓN SG vs BRUJAS"
2290,7/20/2025 11:30,AKHMAT,RUBIN KAZAN,V,"Fecha: 7/20 11:30, Partido: AKHMAT vs RUBIN KAZAN"
2290,7/20/2025 12:00,PUMAS,PACHUCA,V,"Fecha: 7/20 12:00, Partido: PUMAS vs PACHUCA"
2290,7/20/2025 13:45,TIGRE,ARGS JRS,L,"Fecha: 7/20 13:45, Partido: TIGRE vs ARGS JRS"
2290,7/20/2025 16:00,BELGRANO,RACING,V,"Fecha: 7/20 16:00, Partido: BELGRANO vs RACING"
2290,7/20/2025 18:30,ÁGUILAS,TOLUCA,V,"Fecha: 7/20 18:30, Partido: ÁGUILAS vs TOLUCA"
2291,7/26/2025 19:00,TOLUCA,TIGRES,V,"Fecha: 7/26 19:00, Partido: TOLUCA vs TIGRES"
2291,7/25/2025 21:00,TIJUANA,JUAREZ,E,"Fecha: 7/25 21:00, Partido: TIJUANA vs JUAREZ"
2291,7/26/2025 17:30,ATLANTA,SEATTLE,E,"Fecha: 7/26 17:30, Partido: ATLANTA vs SEATTLE"
2291,7/26/2025 18:30,CHICAGO,NY R BULLS,L,"Fecha: 7/26 18:30, Partido: CHICAGO vs NY R BULLS"
2291,7/26/2025 19:30,SALT LAKE,SAN JOSE,L,"Fecha: 7/26 19:30, Partido: SALT LAKE vs SAN JOSE"
2291,7/27/2025 13:00,SAO PAULO,FLUMINENSE,L,"Fecha: 7/27 13:00, Partido: SAO PAULO vs FLUMINENSE"
2291,7/26/2025 11:30,ALDOSIVI,NEWELLS,E,"Fecha: 7/26 11:30, Partido: ALDOSIVI vs NEWELLS"
2291,7/27/2025 13:00,GIMNASIA,INDEPENDIEN,L,"Fecha: 7/27 13:00, Partido: GIMNASIA vs INDEPENDIEN"
2291,7/27/2025 15:30,HURACAN,BOCA JRS,L,"Fecha: 7/27 15:30, Partido: HURACAN vs BOCA JRS"
2291,7/26/2025 15:00,BOYACA,DEP PASTO,E,"Fecha: 7/26 15:00, Partido: BOYACA vs DEP PASTO"
2291,7/26/2025 13:00,LA SERENA,COBRESAL,V,"Fecha: 7/26 13:00, Partido: LA SERENA vs COBRESAL"
2291,7/27/2025 10:30,O HIGGINS,COLO COLO,E,"Fecha: 7/27 10:30, Partido: O HIGGINS vs COLO COLO"
2291,7/26/2025 8:00,DENDER,CER BRUGGE,E,"Fecha: 7/26 8:00, Partido: DENDER vs CER BRUGGE"
2291,7/26/2025 10:15,WAREGEM,MECHELEN,E,"Fecha: 7/26 10:15, Partido: WAREGEM vs MECHELEN"
2275-R,4/4/2025 21:05,Puebla,Tigres,E,"Fecha: 4/4 21:05, Partido: Puebla vs Tigres"
2275-R,4/5/2025 17:00,Atlas,Juárez,E,"Fecha: 4/5 17:00, Partido: Atlas vs Juárez"
2275-R,4/5/2025 19:00,San Luis,Mazatlán,L,"Fecha: 4/5 19:00, Partido: San Luis vs Mazatlán"
2275-R,4/6/2025 7:00,Brentford,Chelsea,E,"Fecha: 4/6 7:00, Partido: Brentford vs Chelsea"
2275-R,4/6/2025 8:15,Sevilla,Atlético Madrid,V,"Fecha: 4/6 8:15, Partido: Sevilla vs Atlético Madrid"
2275-R,4/6/2025 12:30,Panathinaikos,AEK,L,"Fecha: 4/6 12:30, Partido: Panathinaikos vs AEK"
2275-R,4/6/2025 12:30,Lanús,Independiente,E,"Fecha: 4/6 12:30, Partido: Lanús vs Independiente"
2276-R,4/12/2025 13:00,Bragantino,Botafogo,E,"Fecha: 4/12 13:00, Partido: Bragantino vs Botafogo"
2276-R,4/12/2025 17:00,Pumas,Juarez,E,"Fecha: 4/12 17:00, Partido: Pumas vs Juarez"
2276-R,4/12/2025 19:05,Atlas,Toluca,L,"Fecha: 4/12 19:05, Partido: Atlas vs Toluca"
2276-R,4/13/2025 6:00,Osasuna,Girona,E,"Fecha: 4/13 6:00, Partido: Osasuna vs Girona"
2276-R,4/13/2025 10:30,Betis,Villarreal,V,"Fecha: 4/13 10:30, Partido: Betis vs Villarreal"
2276-R,4/13/2025 12:00,Pumas Fem.,Tigres Fem,L,"Fecha: 4/13 12:00, Partido: Pumas Fem. vs Tigres Fem"
2276-R,4/13/2025 17:00,St. Louis,Columbus,E,"Fecha: 4/13 17:00, Partido: St. Louis vs Columbus"
2277-R,4/19/2025 19:00,Oaxaca,Sinaloa,E,"Fecha: 4/19 19:00, Partido: Oaxaca vs Sinaloa"
2277-R,4/19/2025 19:00,Tampico,Atlante,E,"Fecha: 4/19 19:00, Partido: Tampico vs Atlante"
2277-R,4/19/2025 21:00,Tigres,Pumas,L,"Fecha: 4/19 21:00, Partido: Tigres vs Pumas"
2277-R,4/20/2025 17:00,Santos,Tijuana,V,"Fecha: 4/20 17:00, Partido: Santos vs Tijuana"
2277-R,4/20/2025 19:05,León,Monterrey,V,"Fecha: 4/20 19:05, Partido: León vs Monterrey"
2277-R,4/20/2025 21:00,Juárez,Querétaro,E,"Fecha: 4/20 21:00, Partido: Juárez vs Querétaro"
2277-R,4/18/2025 21:00,Puebla,Necaxa,E,"Fecha: 4/18 21:00, Partido: Puebla vs Necaxa"
2278-R,4/26/2025 10:15,C. Palace,Aston Villa,L,"Fecha: 4/26 10:15, Partido: C. Palace vs Aston Villa"
2278-R,4/26/2025 10:30,Frankfurt,Leipzig,L,"Fecha: 4/26 10:30, Partido: Frankfurt vs Leipzig"
2278-R,4/27/2025 6:30,Heerenveen,Nijmegen,L,"Fecha: 4/27 6:30, Partido: Heerenveen vs Nijmegen"
2278-R,4/27/2025 7:00,Chelsea F,Barcelona F,V,"Fecha: 4/27 7:00, Partido: Chelsea F vs Barcelona F"
2278-R,4/27/2025 9:30,Nottingham,Man City,V,"Fecha: 4/27 9:30, Partido: Nottingham vs Man City"
2278-R,4/27/2025 10:30,Union SG,Brujas,E,"Fecha: 4/27 10:30, Partido: Union SG vs Brujas"
2278-R,4/27/2025 15:30,Cruzeiro,Vasco da Ga,L,"Fecha: 4/27 15:30, Partido: Cruzeiro vs Vasco da Ga"
2279-R,5/4/2025 7:00,Brentford,Man Utd,L,"Fecha: 5/4 7:00, Partido: Brentford vs Man Utd"
2279-R,5/4/2025 7:00,Brighton,Newcastle,E,"Fecha: 5/4 7:00, Partido: Brighton vs Newcastle"
2279-R,5/4/2025 7:00,West Ham,Tottenham,E,"Fecha: 5/4 7:00, Partido: West Ham vs Tottenham"
2279-R,5/4/2025 9:30,Friburgo,Leverkusen,E,"Fecha: 5/4 9:30, Partido: Friburgo vs Leverkusen"
2279-R,5/4/2025 10:00,Brujas,Anderlecht,L,"Fecha: 5/4 10:00, Partido: Brujas vs Anderlecht"
2279-R,5/4/2025 13:00,Gremio,Santos,L,"Fecha: 5/4 13:00, Partido: Gremio vs Santos"
2279-R,5/4/2025 15:30,Cruzeiro,Flamengo,L,"Fecha: 5/4 15:30, Partido: Cruzeiro vs Flamengo"
2280-R,5/10/2025 10:30,Bournemouth,Aston Villa,V,"Fecha: 5/10 10:30, Partido: Bournemouth vs Aston Villa"
2280-R,5/10/2025 19:00,Toluca,Monterrey,L,"Fecha: 5/10 19:00, Partido: Toluca vs Monterrey"
2280-R,5/11/2025 6:00,Leganés,Espanyol,L,"Fecha: 5/11 6:00, Partido: Leganés vs Espanyol"
2280-R,5/11/2025 7:30,Leverkusen,Dortmund,V,"Fecha: 5/11 7:30, Partido: Leverkusen vs Dortmund"
2280-R,5/11/2025 9:30,Liverpool,Arsenal,E,"Fecha: 5/11 9:30, Partido: Liverpool vs Arsenal"
2280-R,5/11/2025 11:00,Panathinaik,Olympiacos,E,"Fecha: 5/11 11:00, Partido: Panathinaik vs Olympiacos"
2280-R,5/11/2025 21:10,Tigres,Necaxa,E,"Fecha: 5/11 21:10, Partido: Tigres vs Necaxa"
2281-R,5/17/2025 11:00,Braga,Benfica,E,"Fecha: 5/17 11:00, Partido: Braga vs Benfica"
2281-R,5/17/2025 14:30,NYC FC,NY Red Bulls,L,"Fecha: 5/17 14:30, Partido: NYC FC vs NY Red Bulls"
2281-R,5/17/2025 18:30,Austin FC,Vancouver,E,"Fecha: 5/17 18:30, Partido: Austin FC vs Vancouver"
2281-R,5/18/2025 11:00,Celta,Rayo Vallecano,V,"Fecha: 5/18 11:00, Partido: Celta vs Rayo Vallecano"
2281-R,5/18/2025 14:15,West Ham,Nottingham,V,"Fecha: 5/18 14:15, Partido: West Ham vs Nottingham"
2281-R,5/18/2025 16:30,Arsenal,Newcastle,L,"Fecha: 5/18 16:30, Partido: Arsenal vs Newcastle"
2281-R,5/18/2025 17:30,Cruzeiro,Atlético MG,E,"Fecha: 5/18 17:30, Partido: Cruzeiro vs Atlético MG"
2282-R,5/24/2025 10:00,Arsenal W,Barcelona F,L,"Fecha: 5/24 10:00, Partido: Arsenal W vs Barcelona F"
2282-R,5/24/2025 12:00,Arminia,Stuttgart,V,"Fecha: 5/24 12:00, Partido: Arminia vs Stuttgart"
2282-R,5/24/2025 17:30,Orlando,Portland,L,"Fecha: 5/24 17:30, Partido: Orlando vs Portland"
2282-R,5/24/2025 18:00,Atlético Mineiro,Corinthians,E,"Fecha: 5/24 18:00, Partido: Atlético Mineiro vs Corinthians"
2282-R,5/24/2025 19:00,Leones Negros,Tampico,L,"Fecha: 5/24 19:00, Partido: Leones Negros vs Tampico"
2282-R,5/25/2025 9:00,Man United,Aston Villa,L,"Fecha: 5/25 9:00, Partido: Man United vs Aston Villa"
2282-R,5/25/2025 9:00,Tottenham,Brighton,V,"Fecha: 5/25 9:00, Partido: Tottenham vs Brighton"
2283-R,5/31/2025 7:00,Elfsborg,Hammarby,V,"Fecha: 5/31 7:00, Partido: Elfsborg vs Hammarby"
2283-R,5/31/2025 14:30,Nashville,NYCFC,E,"Fecha: 5/31 14:30, Partido: Nashville vs NYCFC"
2283-R,5/31/2025 17:30,Miami,Columbus,L,"Fecha: 5/31 17:30, Partido: Miami vs Columbus"
2283-R,5/31/2025 17:30,Montréal,New England,V,"Fecha: 5/31 17:30, Partido: Montréal vs New England"
2283-R,6/1/2025 15:30,La Calera,Colo Colo,V,"Fecha: 6/1 15:30, Partido: La Calera vs Colo Colo"
2283-R,6/1/2025 16:00,Seattle,Minnesota,V,"Fecha: 6/1 16:00, Partido: Seattle vs Minnesota"
2283-R,6/1/2025 17:30,Inter,Fluminense,V,"Fecha: 6/1 17:30, Partido: Inter vs Fluminense"
2284-R,6/7/2025 12:45,Albania,Serbia,E,"Fecha: 6/7 12:45, Partido: Albania vs Serbia"
2284-R,6/7/2025 12:45,Austria,Rumania,L,"Fecha: 6/7 12:45, Partido: Austria vs Rumania"
2284-R,6/7/2025 12:45,Finlandia,Países Bajos,V,"Fecha: 6/7 12:45, Partido: Finlandia vs Países Bajos"
2284-R,6/7/2025 19:00,U. de Guadalajara,Tapatio,V,"Fecha: 6/7 19:00, Partido: U. de Guadalajara vs Tapatio"
2284-R,6/7/2025 19:30,Colorado Rapids,Austin FC,V,"Fecha: 6/7 19:30, Partido: Colorado Rapids vs Austin FC"
2284-R,6/8/2025 19:00,Vancouver,Seattle Sounders,L,"Fecha: 6/8 19:00, Partido: Vancouver vs Seattle Sounders"
2284-R,6/9/2025 8:00,Kazajistán,North Macedonia,V,"Fecha: 6/9 8:00, Partido: Kazajistán vs North Macedonia"
2285-R,6/14/2025 20:15,México,Rep Dominicana,L,"Fecha: 6/14 20:15, Partido: México vs Rep Dominicana"
2285-R,6/14/2025 14:30,St. Louis,LA Galaxy,E,"Fecha: 6/14 14:30, Partido: St. Louis vs LA Galaxy"
2285-R,6/14/2025 18:30,Kansas City,Dallas,V,"Fecha: 6/14 18:30, Partido: Kansas City vs Dallas"
2285-R,6/14/2025 18:30,Minnesota,San Diego,V,"Fecha: 6/14 18:30, Partido: Minnesota vs San Diego"
2285-R,6/14/2025 19:30,Salt Lake,DC United,L,"Fecha: 6/14 19:30, Partido: Salt Lake vs DC United"
2285-R,6/14/2025 2:30,Shonan,Machida,V,"Fecha: 6/14 2:30, Partido: Shonan vs Machida"
2285-R,6/14/2025 3:00,Yokohama FC,Kawasaki,V,"Fecha: 6/14 3:00, Partido: Yokohama FC vs Kawasaki"
2286-R,6/21/2025 4:00,Nagoya Grampus,Shimizu S-Pulse,E,"Fecha: 6/21 4:00, Partido: Nagoya Grampus vs Shimizu S-Pulse"
2286-R,6/21/2025 20:00,Honduras,El Salvador,L,"Fecha: 6/21 20:00, Partido: Honduras vs El Salvador"
2286-R,6/22/2025 3:00,Yokohama FC,Sanfrecce Hiroshima,V,"Fecha: 6/22 3:00, Partido: Yokohama FC vs Sanfrecce Hiroshima"
2286-R,6/22/2025 13:00,Real Madrid,Pachuca,L,"Fecha: 6/22 13:00, Partido: Real Madrid vs Pachuca"
2286-R,6/22/2025 17:00,Arabia Saudita,Trinidad y Tobago,E,"Fecha: 6/22 17:00, Partido: Arabia Saudita vs Trinidad y Tobago"
2286-R,6/22/2025 20:00,República Dominicana,Surinam,E,"Fecha: 6/22 20:00, Partido: República Dominicana vs Surinam"
2286-R,6/23/2025 13:00,Seattle Sounders,PSG,V,"Fecha: 6/23 13:00, Partido: Seattle Sounders vs PSG"
2288-R,5/7/2025 18:30,AUSTIN,LOS ÁNGELES,E,"Fecha: 5/7 18:30, Partido: AUSTIN vs LOS ÁNGELES"
2288-R,7/7/2025 13:00,PORTUGAL F,ITALIA F,E,"Fecha: 7/7 13:00, Partido: PORTUGAL F vs ITALIA F"
2288-R,7/7/2025 11:00,NORRKOPING,BROMMAPOJ,V,"Fecha: 7/7 11:00, Partido: NORRKOPING vs BROMMAPOJ"
2288-R,5/7/2025 18:00,IND. VALLE,BARCELONA SC,E,"Fecha: 5/7 18:00, Partido: IND. VALLE vs BARCELONA SC"
2288-R,6/7/2025 13:00,ALWAYS READ,STRONGEST,L,"Fecha: 6/7 13:00, Partido: ALWAYS READ vs STRONGEST"
2288-R,5/7/2025 10:00,VALERENGA,FREDRIKSTAD,E,"Fecha: 5/7 10:00, Partido: VALERENGA vs FREDRIKSTAD"
2288-R,5/7/2025 4:00,KAWASAKI,KASHIMA,L,"Fecha: 5/7 4:00, Partido: KAWASAKI vs KASHIMA"
2289-R,7/11/2025 21:00,TIJUANA,QUERETARO,L,"Fecha: 7/11 21:00, Partido: TIJUANA vs QUERETARO"
2289-R,7/12/2025 13:00,POLONIA F,DINAMARCA F,L,"Fecha: 7/12 13:00, Partido: POLONIA F vs DINAMARCA F"
2289-R,7/12/2025 19:00,TOLUCA,NECAXA,L,"Fecha: 7/12 19:00, Partido: TOLUCA vs NECAXA"
2289-R,7/12/2025 21:00,C. AZUL,MAZATLAN,E,"Fecha: 7/12 21:00, Partido: C. AZUL vs MAZATLAN"
2289-R,7/13/2025 12:00,PUMAS F,MONTERREY F,L,"Fecha: 7/13 12:00, Partido: PUMAS F vs MONTERREY F"
2289-R,7/13/2025 16:00,CORINTHIANS,BRAGANTINO,V,"Fecha: 7/13 16:00, Partido: CORINTHIANS vs BRAGANTINO"
2289-R,7/13/2025 19:00,LEON,SAN LUIS,V,"Fecha: 7/13 19:00, Partido: LEON vs SAN LUIS"
2290-R,7/19/2025 15:45,PLATENSE,VELEZ,E,"Fecha: 7/19 15:45, Partido: PLATENSE vs VELEZ"
2290-R,7/19/2025 18:00,SAO PAULO,CORINTHIANS,L,"Fecha: 7/19 18:00, Partido: SAO PAULO vs CORINTHIANS"
2290-R,7/19/2025 18:30,KANSAS CITY,NY CITY,E,"Fecha: 7/19 18:30, Partido: KANSAS CITY vs NY CITY"
2290-R,7/19/2025 20:30,SAN DIEGO,VANCOUVER,E,"Fecha: 7/19 20:30, Partido: SAN DIEGO vs VANCOUVER"
2290-R,7/20/2025 10:30,AUDAX,U CATÓLICA,E,"Fecha: 7/20 10:30, Partido: AUDAX vs U CATÓLICA"
2290-R,7/20/2025 11:30,BARRACAS,RIVADAVIA,V,"Fecha: 7/20 11:30, Partido: BARRACAS vs RIVADAVIA"
2290-R,7/21/2025 3:00,FUKUOKA,KYOTO,E,"Fecha: 7/21 3:00, Partido: FUKUOKA vs KYOTO"
2291-R,7/26/2025 19:00,C. AZUL,LEON,L,"Fecha: 7/26 19:00, Partido: C. AZUL vs LEON"
2291-R,7/26/2025 17:00,PACHUCA,MAZATLAN,L,"Fecha: 7/26 17:00, Partido: PACHUCA vs MAZATLAN"
2291-R,7/26/2025 17:07,GUADALAJARA,SAN LUIS,L,"Fecha: 7/26 17:07, Partido: GUADALAJARA vs SAN LUIS"
2291-R,7/26/2025 21:05,NECAXA,AGUILAS,E,"Fecha: 7/26 21:05, Partido: NECAXA vs AGUILAS"
2291-R,7/26/2025 19:00,MONTERREY,ATLAS,L,"Fecha: 7/26 19:00, Partido: MONTERREY vs ATLAS"
2291-R,7/26/2025 16:00,PLATENSE,ARGS JRS,E,"Fecha: 7/26 16:00, Partido: PLATENSE vs ARGS JRS"
2291-R,7/27/2025 17:45,RIVER PLATE,SAN LORENZO,E,"Fecha: 7/27 17:45, Partido: RIVER PLATE vs SAN LORENZO"
